id,full_name,age,gender,email,phone,username,birthdate,bloodgroup,university,role
1,Emily Johnson,29,female,emily.johnson@x.dummyjson.com,+81 965-431-3024,emilys,1996-5-30,O-,University of Wisconsin--Madison,admin
2,Michael Williams,36,male,michael.williams@x.dummyjson.com,+49 258-627-6644,michaelw,1989-8-10,B+,Ohio State University,admin
3,Sophia Brown,43,female,sophia.brown@x.dummyjson.com,+81 210-652-2785,sophiab,1982-11-6,O-,Pepperdine University,admin
4,James Davis,46,male,james.davis@x.dummyjson.com,+49 614-958-9364,jamesd,1979-5-4,AB+,University of Southern California,admin
5,Emma Miller,31,female,emma.miller@x.dummyjson.com,+91 759-776-1614,emmaj,1994-6-13,AB-,Northeastern University,admin
6,Olivia Wilson,23,female,olivia.wilson@x.dummyjson.com,+91 607-295-6448,oliviaw,2002-4-20,B+,University of North Carolina--Chapel Hill,moderator
7,Alexander Jones,39,male,alexander.jones@x.dummyjson.com,+61 260-824-4986,alexanderj,1986-10-20,AB-,University of Illinois--Urbana-Champaign,moderator
8,Ava Taylor,28,female,ava.taylor@x.dummyjson.com,+1 458-853-7877,avat,1997-8-25,AB-,University of Wisconsin--Madison,moderator
9,Ethan Martinez,34,male,ethan.martinez@x.dummyjson.com,+92 933-608-5081,ethanm,1991-2-12,AB+,Syracuse University,moderator
10,Isabella Anderson,32,female,isabella.anderson@x.dummyjson.com,+49 770-658-4885,isabellad,1993-6-10,A-,California Institute of Technology (Caltech),moderator
11,Liam Garcia,30,male,liam.garcia@x.dummyjson.com,+92 870-217-6201,liamg,1995-6-6,AB-,Ohio State University,moderator
12,Mia Rodriguez,25,female,mia.rodriguez@x.dummyjson.com,+49 989-461-8403,miar,2000-8-4,O-,William & Mary,moderator
13,Noah Hernandez,41,male,noah.hernandez@x.dummyjson.com,+49 393-605-6968,noahh,1984-6-5,AB+,New York University (NYU),moderator
14,Charlotte Lopez,37,female,charlotte.lopez@x.dummyjson.com,+44 373-953-5028,charlottem,1988-6-8,AB-,Northeastern University,moderator
15,William Gonzalez,33,male,william.gonzalez@x.dummyjson.com,+81 905-252-7319,williamg,1992-3-27,B-,Tufts University,moderator
16,Avery Perez,26,female,avery.perez@x.dummyjson.com,+61 731-431-3457,averyp,1999-3-10,O-,Harvard University,user
17,Evelyn Sanchez,38,female,evelyn.sanchez@x.dummyjson.com,+1 623-880-6871,evelyns,1987-10-13,B+,Washington University in St. Louis,user
18,Logan Torres,32,male,logan.torres@x.dummyjson.com,+81 507-434-8733,logant,1993-10-26,A+,University of Illinois--Urbana-Champaign,user
19,Abigail Rivera,29,female,abigail.rivera@x.dummyjson.com,+91 228-363-7806,abigailr,1996-10-11,B+,California Institute of Technology (Caltech),user
20,Jackson Evans,35,male,jackson.evans@x.dummyjson.com,+44 468-628-6686,jacksone,1990-11-30,O-,Ohio State University,user
21,Madison Collins,27,female,madison.collins@x.dummyjson.com,+81 259-957-5711,madisonc,1998-3-7,B-,University of Pennsylvania,user
22,Elijah Stewart,34,male,elijah.stewart@x.dummyjson.com,+44 468-357-7872,elijahs,1991-10-22,A-,Georgetown University,user
23,Chloe Morales,40,female,chloe.morales@x.dummyjson.com,+92 468-541-7133,chloem,1985-4-21,O+,Syracuse University,user
24,Mateo Nguyen,31,male,mateo.nguyen@x.dummyjson.com,+1 341-597-6694,mateon,1994-6-2,O+,Columbia University,user
25,Harper Kelly,28,female,harper.kelly@x.dummyjson.com,+92 518-863-2863,harpere,1997-3-3,AB-,Boston College,user
26,Evelyn Gonzalez,36,female,evelyn.gonzalez@x.dummyjson.com,+61 708-508-4638,evelyng,1989-2-5,O+,Washington University in St. Louis,user
27,Daniel Cook,42,male,daniel.cook@x.dummyjson.com,+44 254-761-6843,danielc,1983-12-25,AB+,Columbia University,user
28,Lily Lee,30,female,lily.lee@x.dummyjson.com,+1 808-757-9867,lilyb,1995-12-3,AB-,Johns Hopkins University,user
29,Henry Hill,39,male,henry.hill@x.dummyjson.com,+1 240-833-4680,henryh,1986-8-19,O-,University of Illinois--Urbana-Champaign,user
30,Addison Wright,33,female,addison.wright@x.dummyjson.com,+1 514-384-3300,addisonw,1992-1-3,B+,Syracuse University,user
31,Gabriel Adams,37,male,gabriel.adams@x.dummyjson.com,+91 936-400-4116,gabriela,1988-9-5,B+,Massachusetts Institute of Technology (MIT),user
32,Natalie Harris,29,female,natalie.harris@x.dummyjson.com,+49 584-501-9302,natalieh,1996-7-23,AB+,Washington University in St. Louis,user
33,Carter Baker,32,male,carter.baker@x.dummyjson.com,+49 787-512-9117,carterb,1993-4-19,A+,Washington University in St. Louis,user
34,Sofia Mitchell,26,female,sofia.mitchell@x.dummyjson.com,+92 957-686-6804,sofiam,1999-11-18,O-,University of North Carolina--Chapel Hill,user
35,Jack Ward,30,male,jack.ward@x.dummyjson.com,+91 857-765-4373,jackw,1995-9-23,B-,Pepperdine University,user
36,Harper Turner,34,female,harper.turner@x.dummyjson.com,+49 980-340-5333,harpert,1991-1-14,A+,Boston University,user
37,Mason Parker,35,male,mason.parker@x.dummyjson.com,+61 837-389-4095,masonp,1990-4-20,AB+,Yale University,user
38,Aria Roberts,27,female,aria.roberts@x.dummyjson.com,+61 411-514-5320,ariar,1998-3-25,A-,Princeton University,user
39,Lucas Gray,31,male,lucas.gray@x.dummyjson.com,+44 687-435-7119,lucasg,1994-4-6,O-,Syracuse University,user
40,Ella Adams,28,female,ella.adams@x.dummyjson.com,+1 450-865-6061,ellaa,1997-6-20,B-,Northeastern University,user
41,Evan Reed,33,male,evan.reed@x.dummyjson.com,+61 932-569-4853,evanr,1992-6-16,O+,University of California--Irvine,user
42,Avery Carter,29,female,avery.carter@x.dummyjson.com,+44 254-655-6112,averyc,1996-8-21,B-,Yale University,user
43,Benjamin Foster,35,male,benjamin.foster@x.dummyjson.com,+61 333-911-3476,benjaminf,1990-11-1,O+,University of Michigan--Ann Arbor,user
44,Scarlett Wright,27,female,scarlett.wright@x.dummyjson.com,+1 599-432-3048,scarlettw,1998-5-9,A+,University of Pennsylvania,user
45,Lincoln Kelly,31,male,lincoln.kelly@x.dummyjson.com,+49 680-666-9673,lincolnk,1994-1-12,A+,Yale University,user
46,Hannah Robinson,30,female,hannah.robinson@x.dummyjson.com,+92 556-625-4398,hannahr,1995-2-2,AB+,Harvard University,user
47,Nicholas Bailey,36,male,nicholas.bailey@x.dummyjson.com,+49 212-856-4272,nicholasb,1989-6-14,A+,Yale University,user
48,Luna Russell,28,female,luna.russell@x.dummyjson.com,+91 730-486-3735,lunar,1997-6-18,O-,University of Florida,user
49,Jacob Cooper,32,male,jacob.cooper@x.dummyjson.com,+91 322-775-7582,jacobc,1993-12-21,A+,University of California--Los Angeles (UCLA),user
50,Stella Hughes,34,female,stella.hughes@x.dummyjson.com,+92 378-326-3439,stellah,1991-11-6,A-,University of California--San Diego,user
51,Eli Bennett,30,male,eli.bennett@x.dummyjson.com,+1 465-379-7226,elib,1995-9-17,B+,Boston University,user
52,Grace Perry,27,female,grace.perry@x.dummyjson.com,+49 550-430-8269,gracep,1998-12-23,B-,Boston College,user
53,Lucas Gordon,36,male,lucas.gordon@x.dummyjson.com,+81 367-320-4960,lucasgx,1989-9-11,B-,Massachusetts Institute of Technology (MIT),user
54,Ava Harrison,29,female,ava.harrison@x.dummyjson.com,+44 926-778-4653,avah,1996-4-22,O-,Harvard University,user
55,Owen Fisher,32,male,owen.fisher@x.dummyjson.com,+49 328-635-8057,owenf,1993-6-26,O-,University of Wisconsin--Madison,user
56,Samantha Howard,31,female,samantha.howard@x.dummyjson.com,+91 458-289-9756,samanthah,1994-6-17,O-,University of Rochester,user
57,Nathan Dixon,35,male,nathan.dixon@x.dummyjson.com,+44 540-488-4436,nathand,1990-11-10,A+,University of Wisconsin--Madison,user
58,Bella Grant,28,female,bella.grant@x.dummyjson.com,+92 896-206-1901,bellag,1997-3-15,O-,Vanderbilt University,user
59,Ethan Fletcher,34,male,ethan.fletcher@x.dummyjson.com,+1 251-564-2643,ethanf,1991-5-1,AB-,Cornell University,user
60,Lillian Simmons,33,female,lillian.simmons@x.dummyjson.com,+61 857-625-2029,lillians,1992-3-9,A+,Boston University,user
61,Mason Pearson,29,male,mason.pearson@x.dummyjson.com,+1 394-401-1757,masonpx,1996-5-9,A+,University of Chicago,user
62,Leah Henderson,27,female,leah.henderson@x.dummyjson.com,+91 453-220-4258,leahh,1998-8-19,B-,Wake Forest University,user
63,Logan Lawson,34,male,logan.lawson@x.dummyjson.com,+1 750-526-9455,loganl,1991-8-5,B+,University of Virginia,user
64,Avery Barnes,30,female,avery.barnes@x.dummyjson.com,+91 207-801-7417,averyb,1995-2-5,O-,Harvard University,user
65,Caleb Perkins,31,male,caleb.perkins@x.dummyjson.com,+81 351-413-9369,calebp,1994-7-28,AB-,Columbia University,user
66,Aria Ferguson,28,female,aria.ferguson@x.dummyjson.com,+44 434-406-8551,ariaf,1997-6-1,B+,Cornell University,user
67,Gabriel Hayes,35,male,gabriel.hayes@x.dummyjson.com,+61 386-511-8949,gabrielh,1990-4-8,A+,University of Notre Dame,user
68,Layla Sullivan,26,female,layla.sullivan@x.dummyjson.com,+92 657-388-7474,laylas,1999-10-3,O-,Washington University in St. Louis,user
69,Christopher West,32,male,christopher.west@x.dummyjson.com,+49 968-571-2475,christopherw,1993-11-16,AB+,University of North Carolina--Chapel Hill,user
70,Zoe Nicholson,33,female,zoe.nicholson@x.dummyjson.com,+49 638-976-6904,zoen,1992-12-24,A+,University of Miami,user
71,Nolan Bryant,30,male,nolan.bryant@x.dummyjson.com,+44 618-916-5243,nolanb,1995-12-7,B-,Pepperdine University,user
72,Victoria McDonald,28,female,victoria.mcdonald@x.dummyjson.com,+91 624-944-2089,victoriam,1997-9-16,AB+,Carnegie Mellon University,user
73,Max Russell,35,male,max.russell@x.dummyjson.com,+44 663-850-4302,maxr,1990-4-19,AB-,Northeastern University,user
74,Penelope Harper,29,female,penelope.harper@x.dummyjson.com,+44 907-679-1302,penelopeh,1996-9-14,A-,University of Notre Dame,user
75,Ryan Graham,32,male,ryan.graham@x.dummyjson.com,+92 260-518-7256,ryang,1993-10-2,AB-,Northeastern University,user
76,Madeline Simpson,27,female,madeline.simpson@x.dummyjson.com,+44 371-964-4017,madelines,1998-12-1,AB+,University of Rochester,user
77,Jonathan Pierce,34,male,jonathan.pierce@x.dummyjson.com,+61 456-307-5568,jonathanp,1991-9-25,B+,Emory University,user
78,Eleanor Tyler,31,female,eleanor.tyler@x.dummyjson.com,+1 232-621-9938,eleanort,1994-10-26,O-,Wake Forest University,user
79,Isaac Lawrence,33,male,isaac.lawrence@x.dummyjson.com,+81 693-260-7234,isaacl,1992-1-6,A+,University of Southern California,user
80,Hazel Gardner,28,female,hazel.gardner@x.dummyjson.com,+91 688-478-9459,hazelg,1997-9-18,O+,Duke University,user
81,Austin Hudson,30,male,austin.hudson@x.dummyjson.com,+81 405-412-4250,austinh,1995-5-1,A-,University of Michigan--Ann Arbor,user
82,Lillian Bishop,27,female,lillian.bishop@x.dummyjson.com,+92 538-589-5885,lillianb,1998-8-2,O-,Johns Hopkins University,user
83,Dylan Wells,35,male,dylan.wells@x.dummyjson.com,+49 659-638-1106,dylanw,1990-11-7,O+,William & Mary,user
84,Aaliyah Hanson,29,female,aaliyah.hanson@x.dummyjson.com,+1 275-501-1119,aaliyahh,1996-3-20,B+,Cornell University,user
85,Cameron Burke,32,male,cameron.burke@x.dummyjson.com,+1 976-686-7996,cameronb,1993-2-28,A+,Boston College,user
86,Nora Mills,27,female,nora.mills@x.dummyjson.com,+44 767-262-6860,noram,1998-9-18,O+,William & Mary,user
87,Hunter Gordon,34,male,hunter.gordon@x.dummyjson.com,+1 986-988-5297,hunterg,1991-2-8,A+,Emory University,user
88,Aubrey Wagner,31,female,aubrey.wagner@x.dummyjson.com,+81 285-568-5834,aubreyw,1994-4-1,B+,Vanderbilt University,user
89,Brayden Fleming,33,male,brayden.fleming@x.dummyjson.com,+1 404-382-1778,braydenf,1992-7-20,B-,University of Pennsylvania,user
90,Scarlett Bowman,28,female,scarlett.bowman@x.dummyjson.com,+44 928-549-7517,scarlettb,1997-2-26,AB-,University of Pennsylvania,user
91,Levi Hicks,30,male,levi.hicks@x.dummyjson.com,+92 931-753-3850,levih,1995-5-19,A-,Ohio State University,user
92,Autumn Gomez,27,female,autumn.gomez@x.dummyjson.com,+1 340-455-2897,autumng,1998-2-1,A-,University of Chicago,user
93,Julian Newton,35,male,julian.newton@x.dummyjson.com,+92 865-328-8737,juliann,1990-7-2,AB-,Duke University,user
94,Ruby Andrews,29,female,ruby.andrews@x.dummyjson.com,+1 343-203-7912,rubya,1996-7-7,AB+,University of Chicago,user
95,Miles Stevenson,32,male,miles.stevenson@x.dummyjson.com,+49 708-659-4394,miless,1993-3-1,AB+,Wake Forest University,user
96,Aurora Lawson,27,female,aurora.lawson@x.dummyjson.com,+92 802-452-4192,auroral,1998-6-16,O+,Boston University,user
97,Oscar Powers,34,male,oscar.powers@x.dummyjson.com,+61 929-572-1408,oscarp,1991-9-7,O+,University of Virginia,user
98,Clara Berry,31,female,clara.berry@x.dummyjson.com,+1 390-831-5172,clarab,1994-2-13,O-,Boston College,user
99,Gavin Stanley,33,male,gavin.stanley@x.dummyjson.com,+44 466-358-6026,gavins,1992-3-17,O-,University of California--Irvine,user
100,Lila Hudson,28,female,lila.hudson@x.dummyjson.com,+91 697-236-1544,lilah,1997-9-1,AB+,University of Notre Dame,user
101,Alice Smith,29,female,alice.smith@x.dummyjson.com,+61 611-556-8989,alicej,1996-9-8,AB-,Wake Forest University,user
102,John Doe,36,male,john.doe@x.dummyjson.com,+44 242-757-6754,johnd,1989-2-20,B-,Brown University,user
103,Emily Brown,43,female,emily.brown@x.dummyjson.com,+61 875-999-8871,emilyt,1982-12-5,AB-,Georgetown University,user
104,Michael Johnson,25,male,michael.johnson@x.dummyjson.com,+92 290-825-4767,michaelj,2000-1-6,A+,University of Miami,user
105,Emma Wilson,32,female,emma.wilson@x.dummyjson.com,+49 933-975-3236,emmac,1993-6-2,O+,Tufts University,user
106,David Martinez,40,male,david.martinez@x.dummyjson.com,+1 846-350-3024,davidm,1985-6-11,O+,University of Texas--Austin,user
107,Olivia Anderson,30,female,olivia.anderson@x.dummyjson.com,+44 952-688-2836,oliviah,1995-6-23,B+,Boston University,user
108,James Garcia,46,male,james.garcia@x.dummyjson.com,+1 958-844-1106,jamesg,1979-11-29,A-,University of Notre Dame,user
109,Sophia Jones,34,female,sophia.jones@x.dummyjson.com,+92 230-523-9981,sophiam,1991-5-21,AB+,Pepperdine University,user
110,Daniel Taylor,28,male,daniel.taylor@x.dummyjson.com,+92 944-656-6731,danielt,1997-12-21,AB-,Boston University,user
111,Isabella Jackson,37,female,isabella.jackson@x.dummyjson.com,+44 398-882-4460,isabellaw,1988-12-26,O-,Rice University,user
112,Alexander Hernandez,42,male,alexander.hernandez@x.dummyjson.com,+49 410-245-8608,alexanderh,1983-7-4,B-,University of Florida,user
113,Mia Miller,26,female,mia.miller@x.dummyjson.com,+1 484-466-3879,miam,1999-7-10,O-,California Institute of Technology (Caltech),user
114,Ethan Thompson,33,male,ethan.thompson@x.dummyjson.com,+1 872-403-3499,ethant,1992-1-10,A-,University of California--Irvine,user
115,Charlotte Davis,39,female,charlotte.davis@x.dummyjson.com,+91 908-214-6224,charlotteb,1986-1-18,B-,Tufts University,user
116,William Lopez,27,male,william.lopez@x.dummyjson.com,+49 254-368-2317,williaml,1998-11-1,O+,University of California--San Diego,user
117,Amelia Perez,44,female,amelia.perez@x.dummyjson.com,+49 751-988-9521,ameliag,1981-1-29,B+,University of Michigan--Ann Arbor,user
118,Benjamin Wilson,31,male,benjamin.wilson@x.dummyjson.com,+91 482-329-9835,benjaminw,1994-3-11,A-,Harvard University,user
119,Liam Gonzalez,35,male,liam.gonzalez@x.dummyjson.com,+1 803-794-6247,liamr,1990-9-14,AB-,University of Wisconsin--Madison,user
120,Evelyn Walker,38,female,evelyn.walker@x.dummyjson.com,+44 478-401-7533,evelynf,1987-8-24,O-,University of California--Santa Barbara,user
121,Ava Harris,30,female,ava.harris@x.dummyjson.com,+44 422-227-6412,avahx,1995-8-26,A-,University of Florida,user
122,Liam Smith,45,male,liam.smith@x.dummyjson.com,+44 293-526-4966,liamt,1980-11-24,A-,Georgetown University,user
123,Harper King,24,female,harper.king@x.dummyjson.com,+92 865-719-5676,harperb,2001-6-17,A+,Georgetown University,user
124,Noah Lewis,40,male,noah.lewis@x.dummyjson.com,+61 396-867-4229,noahl,1985-6-9,AB-,Yale University,user
125,Logan Lee,46,male,logan.lee@x.dummyjson.com,+92 231-690-1885,loganlx,1979-10-18,O+,University of North Carolina--Chapel Hill,user
126,Avery Scott,28,female,avery.scott@x.dummyjson.com,+91 965-669-9087,averya,1997-10-13,B-,Duke University,user
127,Mason Wright,41,male,mason.wright@x.dummyjson.com,+61 251-806-5947,masonw,1984-5-17,A-,University of Connecticut,user
128,Grace Green,36,female,grace.green@x.dummyjson.com,+91 339-788-2388,gracee,1989-2-4,B-,Rice University,user
129,Lucas Allen,27,male,lucas.allen@x.dummyjson.com,+61 831-566-3134,lucasa,1998-11-1,B-,Massachusetts Institute of Technology (MIT),user
130,Chloe Roberts,42,female,chloe.roberts@x.dummyjson.com,+44 900-399-5847,chloep,1983-4-8,AB+,Washington University in St. Louis,user
131,Jackson Morales,34,male,jackson.morales@x.dummyjson.com,+1 685-561-9154,jacksonm,1991-9-18,AB-,Pepperdine University,user
132,Zoe Bennett,29,female,zoe.bennett@x.dummyjson.com,+44 944-423-6651,zoec,1996-5-11,B-,Massachusetts Institute of Technology (MIT),user
133,Carter Rivera,38,male,carter.rivera@x.dummyjson.com,+92 500-957-1453,carterr,1987-1-19,B-,Emory University,user
134,Nora Russell,25,female,nora.russell@x.dummyjson.com,+81 415-979-9594,noramx,2000-3-30,B+,Tufts University,user
135,Elijah Cruz,30,male,elijah.cruz@x.dummyjson.com,+1 613-532-2557,elijahc,1995-1-23,O+,University of California--Berkeley,user
136,Madison Stewart,37,female,madison.stewart@x.dummyjson.com,+61 455-829-5048,madisonk,1988-5-15,B-,Northwestern University,user
137,Gabriel Bailey,43,male,gabriel.bailey@x.dummyjson.com,+91 970-512-5684,gabrielb,1982-11-22,O-,University of Michigan--Ann Arbor,user
138,Lily Torres,32,female,lily.torres@x.dummyjson.com,+91 610-954-3059,lilyl,1993-8-22,B-,University of Michigan--Ann Arbor,user
139,Elijah Hill,27,male,elijah.hill@x.dummyjson.com,+91 906-692-9655,elijahh,1998-8-25,B+,Harvard University,user
140,Hannah Howard,36,female,hannah.howard@x.dummyjson.com,+1 884-326-8478,hannahg,1989-10-15,B-,Boston College,user
141,Owen Sullivan,44,male,owen.sullivan@x.dummyjson.com,+91 438-781-6749,owens,1981-1-2,AB+,New York University (NYU),user
142,Aria Parker,28,female,aria.parker@x.dummyjson.com,+91 762-847-6884,ariam,1997-7-6,AB-,Stanford University,user
143,Grayson Coleman,31,male,grayson.coleman@x.dummyjson.com,+61 238-607-2286,graysonc,1994-12-15,O+,Purdue University,user
144,Ella Cook,39,female,ella.cook@x.dummyjson.com,+91 736-763-5452,ellar,1986-10-28,AB+,Georgetown University,user
145,Luke Cooper,26,male,luke.cooper@x.dummyjson.com,+61 347-869-6758,lukec,1999-4-20,O-,University of Connecticut,user
146,Leah Hughes,33,female,leah.hughes@x.dummyjson.com,+1 935-838-3386,leahp,1992-6-2,B-,Massachusetts Institute of Technology (MIT),user
147,Henry Turner,45,male,henry.turner@x.dummyjson.com,+1 374-470-5082,henryt,1980-6-12,AB-,University of Florida,user
148,Aurora Barnes,30,female,aurora.barnes@x.dummyjson.com,+91 403-842-9683,aurorag,1995-12-15,B+,Georgetown University,user
149,Wyatt Perry,35,male,wyatt.perry@x.dummyjson.com,+81 370-801-1294,wyattp,1990-5-23,B-,Tufts University,user
150,Stella Morris,40,female,stella.morris@x.dummyjson.com,+1 202-954-5884,stellas,1985-3-15,A+,Harvard University,user
151,Nathan Reed,29,male,nathan.reed@x.dummyjson.com,+1 448-642-4577,nathanr,1996-12-26,A+,University of Pennsylvania,user
152,Paisley Bell,44,female,paisley.bell@x.dummyjson.com,+81 744-537-2238,paisleyf,1981-5-10,B-,University of North Carolina--Chapel Hill,user
153,Christian Perez,32,male,christian.perez@x.dummyjson.com,+91 223-371-4471,christianp,1993-7-24,B-,Georgetown University,user
154,Bella Gonzalez,27,female,bella.gonzalez@x.dummyjson.com,+81 213-723-5694,bellaa,1998-6-17,O+,Vanderbilt University,user
155,Nicholas Edwards,42,male,nicholas.edwards@x.dummyjson.com,+44 983-891-6014,nicholase,1983-1-13,A-,University of Florida,user
156,Mila Hernandez,34,female,mila.hernandez@x.dummyjson.com,+49 893-855-2896,milam,1991-8-18,B-,University of Virginia,user
157,Aaron Cook,28,male,aaron.cook@x.dummyjson.com,+81 362-539-6973,aaronc,1997-1-26,AB+,University of Pennsylvania,user
158,Aubrey Gutierrez,37,female,aubrey.gutierrez@x.dummyjson.com,+92 881-268-9845,aubreyb,1988-2-19,AB-,University of Illinois--Urbana-Champaign,user
159,Eli Ward,31,male,eli.ward@x.dummyjson.com,+92 770-978-9439,eliw,1994-4-24,O-,Emory University,user
160,Claire Foster,30,female,claire.foster@x.dummyjson.com,+81 570-848-1400,claires,1995-2-24,AB+,New York University (NYU),user
161,James Gonzales,45,male,james.gonzales@x.dummyjson.com,+92 970-896-7544,jamesgx,1980-9-5,B-,Northwestern University,user
162,Mateo Bennett,29,male,mateo.bennett@x.dummyjson.com,+91 232-996-1168,mateob,1996-8-8,B+,University of Notre Dame,user
163,Julian James,25,male,julian.james@x.dummyjson.com,+92 871-230-2864,julianj,2000-8-15,B+,University of Wisconsin--Madison,user
164,Addison Ward,30,female,addison.ward@x.dummyjson.com,+1 248-875-1802,addisonf,1995-8-23,B-,University of Illinois--Urbana-Champaign,user
165,Leo Rivera,37,male,leo.rivera@x.dummyjson.com,+44 625-386-6730,leor,1988-7-29,AB-,Johns Hopkins University,user
166,Elena Long,43,female,elena.long@x.dummyjson.com,+91 697-839-3216,elenam,1982-4-4,AB+,Tufts University,user
167,Evan Wright,32,male,evan.wright@x.dummyjson.com,+92 329-343-8617,evanw,1993-6-24,AB+,University of Miami,user
168,Luna Perez,27,female,luna.perez@x.dummyjson.com,+92 202-261-2116,lunah,1998-10-8,AB+,Emory University,user
169,Jaxon Barnes,42,male,jaxon.barnes@x.dummyjson.com,+92 263-713-5362,jaxonb,1983-7-16,O-,University of Virginia,user
170,Penelope King,34,female,penelope.king@x.dummyjson.com,+44 802-959-3104,penelopet,1991-1-27,B+,Washington University in St. Louis,user
171,Connor Baker,28,male,connor.baker@x.dummyjson.com,+49 638-260-8907,connorb,1997-2-2,AB-,Purdue University,user
172,Ariana Ross,37,female,ariana.ross@x.dummyjson.com,+61 393-553-7155,arianaw,1988-9-26,O-,University of Virginia,user
173,Asher Scott,31,male,asher.scott@x.dummyjson.com,+81 469-421-7639,ashers,1994-8-18,O+,Columbia University,user
174,Sadie Morales,30,female,sadie.morales@x.dummyjson.com,+61 203-600-1121,sadiep,1995-2-9,AB-,University of Illinois--Urbana-Champaign,user
175,Gabriel Mitchell,45,male,gabriel.mitchell@x.dummyjson.com,+81 861-548-2844,gabrielm,1980-8-18,O-,University of Michigan--Ann Arbor,user
176,Aaliyah Martinez,29,female,aaliyah.martinez@x.dummyjson.com,+91 862-924-5336,aaliyaha,1996-2-2,B+,Georgetown University,user
177,Xavier Wright,38,male,xavier.wright@x.dummyjson.com,+91 561-239-9006,xavierw,1987-1-11,AB+,Carnegie Mellon University,user
178,Savannah Gomez,26,female,savannah.gomez@x.dummyjson.com,+92 242-841-6772,savannahe,1999-2-16,A-,Boston University,user
179,Tyler Davis,43,male,tyler.davis@x.dummyjson.com,+92 633-378-5551,tylerd,1982-5-21,O+,Princeton University,user
180,Aurora Rodriguez,32,female,aurora.rodriguez@x.dummyjson.com,+61 393-225-2755,auroran,1993-11-23,AB+,University of Virginia,user
181,Brandon Collins,27,male,brandon.collins@x.dummyjson.com,+91 994-732-2700,brandonc,1998-1-19,B+,Yale University,user
182,Ellie Stewart,42,female,ellie.stewart@x.dummyjson.com,+1 901-445-7668,ellieh,1983-11-2,O-,William & Mary,user
183,Cameron Perez,34,male,cameron.perez@x.dummyjson.com,+91 275-868-7103,cameronp,1991-9-2,B-,Ohio State University,user
184,Natalie Price,29,female,natalie.price@x.dummyjson.com,+91 273-928-7633,nataliehx,1996-10-9,B+,Boston University,user
185,Henry Adams,45,male,henry.adams@x.dummyjson.com,+61 715-487-1979,henrya,1980-7-14,AB+,Washington University in St. Louis,user
186,Harper Garcia,30,female,harper.garcia@x.dummyjson.com,+92 230-235-4683,harperbx,1995-5-5,B+,University of Wisconsin--Madison,user
187,Zachary Lee,37,male,zachary.lee@x.dummyjson.com,+61 382-295-6973,zacharyl,1988-12-26,AB-,Brown University,user
188,Aria Flores,26,female,aria.flores@x.dummyjson.com,+61 415-771-8232,ariamx,1999-11-8,O-,Columbia University,user
189,Tristan Scott,31,male,tristan.scott@x.dummyjson.com,+44 401-329-9855,tristans,1994-12-2,O+,Northwestern University,user
190,Leah Gutierrez,32,female,leah.gutierrez@x.dummyjson.com,+1 300-470-3376,leahw,1993-6-22,AB+,Purdue University,user
191,Layla Young,42,female,layla.young@x.dummyjson.com,+44 224-805-7678,laylab,1983-4-30,AB-,University of Illinois--Urbana-Champaign,user
192,Nolan Gonzalez,34,male,nolan.gonzalez@x.dummyjson.com,+49 666-608-6933,nolang,1991-6-11,AB-,University of Notre Dame,user
193,Hazel Evans,29,female,hazel.evans@x.dummyjson.com,+92 319-405-4110,hazelc,1996-8-11,B-,Georgetown University,user
194,Brayden Hill,46,male,brayden.hill@x.dummyjson.com,+61 371-853-2857,braydenh,1979-4-20,A-,Harvard University,user
195,Violet Roberts,30,female,violet.roberts@x.dummyjson.com,+49 724-357-9329,violeta,1995-6-14,A-,Ohio State University,user
196,Lucas Ramirez,35,male,lucas.ramirez@x.dummyjson.com,+92 745-454-8374,lucasr,1990-12-4,A-,Princeton University,user
197,Eleanor Collins,38,female,eleanor.collins@x.dummyjson.com,+44 353-303-4041,eleanorw,1987-1-20,O-,University of California--Irvine,user
198,Max Parker,33,male,max.parker@x.dummyjson.com,+81 250-310-5486,maxp,1992-1-15,A-,Boston College,user
199,Vivian Carter,27,female,vivian.carter@x.dummyjson.com,+92 237-734-8586,viviang,1998-2-25,B+,Massachusetts Institute of Technology (MIT),user
200,Adrian Flores,44,male,adrian.flores@x.dummyjson.com,+61 524-858-7351,adrianf,1981-5-1,O+,Stanford University,user
